Job Title,Company,Location
Lead Data Engineer,Open Architects,ğŸ‡ºğŸ‡¸ United States
Senior Python Backend Engineer,Orga AI,ğŸŒ Worldwide
Senior AI Engineer Python & LLM Engineer,Lemon.io,ğŸ‡¦ğŸ‡± Albania
Senior Back End Wizard,joi.studio,ğŸŒ Worldwide
Senior Staff Software Engineer Backend Python,Close,ğŸ‡ºğŸ‡¸ United States
Senior Software Developer Payroll & Compensation,Jane Software,ğŸ‡¨ğŸ‡¦ Canada
Senior Software Engineer,PhotoCircle,ğŸ‡ªğŸ‡º Europe
Senior Developer Back and Frontend,Steadily,ğŸ‡ºğŸ‡¸ United States
Software Engineer,GeoComm,ğŸ‡ºğŸ‡¸ United States
Python Developer,Ampcontrol.io,ğŸŒ Worldwide
Senior Python Developer,Laskie,ğŸ’ƒ Latin America
Full Stack Developer,Brenger,ğŸ‡ªğŸ‡º Europe
Full Stack Software Engineer,Prominent Edge,ğŸŒ Worldwide
Full Stack Developer,Raketech Group,ğŸ‡ªğŸ‡º Europe
Software Engineer,Capchase,ğŸ‡ªğŸ‡º Europe
Python Developer,2amigos Consulting Group,ğŸ’ƒ Latin America
Senior Fullstack Developer,SellerLot,ğŸŒ Worldwide
Software Engineer,Cash Flow Portal,ğŸŒ North America
Software Engineer,Argyle,ğŸŒ Worldwide
Senior Backend Python Developer,FeedStock,ğŸ‡ªğŸ‡º Europe
